{
  "GraphSAGE": {
    "hidden_channels": 256,
    "num_layers": 4,
    "dropout": 0.1,
    "learning_rate": 0.004718432322365733,
    "weight_decay": 3.774492184452489e-06,
    "val_accuracy": 0.7869465807524423
  },
  "GIN": {
    "hidden_channels": 256,
    "num_layers": 4,
    "dropout": 0.2,
    "learning_rate": 0.0005529460267824005,
    "weight_decay": 3.6778183679381e-05,
    "val_accuracy": 0.7833437261830527
  },
  "TransformerConv": {
    "hidden_channels": 64,
    "num_layers": 4,
    "dropout": 0.1,
    "learning_rate": 0.0001257833627045116,
    "weight_decay": 9.920276209163355e-06,
    "heads": 8,
    "val_accuracy": 0.785907295780503
  },
  "GINE": {
    "hidden_channels": 256,
    "num_layers": 4,
    "dropout": 0.30000000000000004,
    "learning_rate": 0.001063762097214644,
    "weight_decay": 3.406465104693364e-05,
    "val_accuracy": 0.7854915817917273
  }
}