model,best_epoch,test_accuracy,test_precision,test_recall,test_f1
Logistic Regression,-,0.8,0.7894736842105263,0.8823529411764706,0.8333333333333334
Random Forest,-,0.7666666666666667,0.7272727272727273,0.9411764705882353,0.8205128205128205
GNN (Cascading),24,0.6666666666666666,0.6296296296296297,1.0,0.7727272727272727
