{
  "model": "GNN (GAT)",
  "accuracy": 0.6670000769408325,
  "precision": 0.6747265892002734,
  "recall": 0.9381088144452364,
  "f1": 0.784912036576881
}