fold,accuracy,precision,recall,f1
1,0.6880264741275571,0.682459825424436,0.6880264741275571,0.682659125655614
2,0.6939778368349797,0.6896233850070439,0.6939778368349797,0.6884445882655535
3,0.6971869829012686,0.6910774629849371,0.6971869829012686,0.6914854525463724
4,0.6981396981396981,0.6945315690879083,0.6981396981396981,0.6935518929393663
5,0.6866569723712581,0.6819894686850942,0.6866569723712581,0.6811914922442088
