{
  "C": 0.024067888361003098,
  "penalty": "l2",
  "cv_f1_score": 0.6181462586505971
}