model,train_time,inference_time_ms,accuracy,precision,recall,f1,roc_auc,val_accuracy,val_f1,train_accuracy,train_f1
Random Forest,0.1767714023590088,0.053353627522786454,0.94,0.9962406015037594,0.924956369982548,0.9592760180995475,0.9605998757653741,0.9413333333333334,0.9603603603603603,0.9462857142857143,0.9630066902794175
SVM (RBF),0.489288330078125,0.03944587707519531,0.94,0.9962406015037594,0.924956369982548,0.9592760180995475,0.9605702960925252,0.9413333333333334,0.9603603603603603,0.9377142857142857,0.9569850039463299
Logistic Regression,0.00951528549194336,0.0003261566162109375,0.94,0.9962406015037594,0.924956369982548,0.9592760180995475,0.9662495932794983,0.9413333333333334,0.9603603603603603,0.9377142857142857,0.9569850039463299
Gradient Boosting,0.8527615070343018,0.001998583475748698,0.9373333333333334,0.9834558823529411,0.9336823734729494,0.9579230080572964,0.9629563897023299,0.9373333333333334,0.9579230080572964,0.9754285714285714,0.9834104938271605
MLP (Neural Network),0.24935126304626465,0.0008172988891601562,0.9373333333333334,0.9906716417910447,0.9267015706806283,0.957619477006312,0.9574841502252985,0.9413333333333334,0.9603603603603603,0.9362857142857143,0.9561110017713048
K-Nearest Neighbors,0.0036656856536865234,0.0148162841796875,0.92,0.9672131147540983,0.9267015706806283,0.946524064171123,0.9566657792764812,0.9213333333333333,0.9475555555555556,1.0,1.0
GNN (GAT),,,0.6333333333333333,0.5,0.4545454545454545,0.4761904761904761,,0.5,0.4444444444444444,0.7071428571428572,0.5858585858585859
