model,accuracy,precision,recall,f1
Logistic Regression,0.5611560060265717,0.550313553119273,0.5611560060265717,0.5503491788280418
Random Forest,0.6304615806053965,0.6268728835786093,0.6304615806053965,0.6269680815282566
Gradient Boosting,0.6305985481440899,0.6276788730835569,0.6305985481440899,0.6277507244320877
GNN (GAT),0.6670000769408325,0.6747265892002734,0.9381088144452364,0.784912036576881
