model,accuracy,precision,recall,f1
Logistic Regression,0.6285210545737833,0.63649506260567,0.8877345271863573,0.7414088366251855
Random Forest,0.6471360039362007,0.6523762551534006,0.8814804688834968,0.7498183086717637
Gradient Boosting,0.6507851900446923,0.6634669376186529,0.8479887905403096,0.7444644464446445
SVM (RBF),0.6249128705563983,0.6239291123217071,0.9433033730904617,0.7510748299319728
GNN (GAT),0.6670000769408325,0.6747265892002734,0.9381088144452364,0.784912036576881
