model,train_time,inference_time_ms,accuracy,precision,recall,f1,roc_auc,val_accuracy,val_f1,train_accuracy,train_f1
Logistic Regression,0.005599260330200195,0.006707509358723958,0.6,0.4666666666666667,0.6363636363636364,0.5384615384615384,0.6411483253588517,0.6333333333333333,0.5217391304347826,0.6071428571428571,0.5132743362831859
GNN (GAT),,,0.6333333333333333,0.5,0.4545454545454545,0.4761904761904761,,0.5,0.4444444444444444,0.7071428571428572,0.5858585858585859
Random Forest,0.09792280197143555,1.4044443766276042,0.7,0.6666666666666666,0.36363636363636365,0.47058823529411764,0.6650717703349283,0.5333333333333333,0.2222222222222222,0.9857142857142858,0.9787234042553191
K-Nearest Neighbors,0.0008900165557861328,0.028069814046223957,0.6333333333333333,0.5,0.36363636363636365,0.42105263157894735,0.5454545454545454,0.6333333333333333,0.26666666666666666,1.0,1.0
Gradient Boosting,0.14810633659362793,0.015552838643391928,0.6,0.4444444444444444,0.36363636363636365,0.4,0.5550239234449761,0.6,0.25,1.0,1.0
MLP (Neural Network),0.024986982345581055,0.006127357482910156,0.5666666666666667,0.4,0.36363636363636365,0.38095238095238093,0.5550239234449761,0.4666666666666667,0.2,0.5642857142857143,0.34408602150537637
SVM (RBF),0.0041425228118896484,0.015171368916829428,0.6333333333333333,0.5,0.2727272727272727,0.35294117647058826,0.6746411483253588,0.6333333333333333,0.26666666666666666,0.7571428571428571,0.5277777777777778
