model,accuracy,precision,recall,f1,predictions
Logistic Regression,1.0,1.0,1.0,1.0,[0 0 0 ... 0 1 1]
Random Forest,0.9903899464054703,0.9875478927203065,0.9875478927203065,0.9875478927203065,[0 0 0 ... 0 1 1]
Gradient Boosting,0.9937165034189613,0.9904489016236867,0.9932950191570882,0.991869918699187,[0 0 0 ... 0 1 1]
SVM (RBF),0.9922380336351876,0.9839167455061495,0.9961685823754789,0.9900047596382675,[0 0 0 ... 0 1 1]
GNN (GAT),0.9957,0.99,0.999,0.9945,
