model,accuracy,precision,recall,f1
Logistic Regression,0.69194010831475,0.6974043715846995,0.9618464437117287,0.8085527618293408
Random Forest,0.7199745141764893,0.7441130298273155,0.8930758360810175,0.8118175979447656
Gradient Boosting,0.7215673781459063,0.7446141793967881,0.8954309938765898,0.8130881094952951
SVM (RBF),0.6877986619942656,0.6952511103518961,0.9585492227979274,0.805940594059406
GNN (GAT),0.7066,0.7176,0.9336,0.8115
