model,accuracy,precision,recall,f1
Logistic Regression,0.7209354255902235,0.6526275485785393,0.40257439773264053,0.4979731950480225
Random Forest,0.7851038346765189,0.6911268962196003,0.677905054322154,0.684452128293788
Gradient Boosting,0.7864639369886929,0.6937851059974633,0.6782593292394898,0.6859343743468784
SVM (RBF),0.780272426463125,0.6883861422759215,0.6593646669815777,0.6735629410700283
GNN (GAT),0.6670000769408325,0.6747265892002734,0.9381088144452364,0.784912036576881
