model,accuracy,precision,recall,f1
Logistic Regression,0.6309780267126238,0.6169006029813354,0.6309780267126238,0.6205996730510114
Random Forest,0.7035760448082723,0.7117981570640116,0.7035760448082723,0.7034628259009088
Gradient Boosting,0.7036478529369524,0.7105190270570075,0.7036478529369524,0.7046837949816351
SVM (RBF),0.7033606204222318,0.7136177729666782,0.7033606204222318,0.705026148262369
XGBoost,0.701278184690507,0.7086046661297916,0.701278184690507,0.7001413917799768
