model,accuracy,precision,recall,f1
Logistic Regression,0.7733847436431847,0.6744988864142539,0.43242664382094664,0.5269935180754339
Random Forest,0.8243851604835348,0.7046571323799047,0.6859427429142572,0.695174010563635
Gradient Boosting,0.8273447269695706,0.7145213284354149,0.6804454915399443,0.6970672127550648
SVM (RBF),0.8184451854939558,0.7123155869146889,0.6342543014207183,0.671022319574002
GNN (GAT),0.6670000769408325,0.6747265892002734,0.9381088144452364,0.784912036576881
