model,accuracy,precision,recall,f1
Logistic Regression,0.701496259351621,0.6962879734542133,0.701496259351621,0.6959765580391017
Random Forest,0.7367830423940149,0.738762511456278,0.7367830423940149,0.7357736488220578
Gradient Boosting,0.7381546134663342,0.7407427545622529,0.7381546134663342,0.7389057445399051
GNN (GAT),0.6670000769408325,0.6747265892002734,0.9381088144452364,0.784912036576881
