model,accuracy,precision,recall,f1
Logistic Regression,0.4963574550752793,0.4969477100584503,0.4963574550752793,0.49642160333943064
Random Forest,0.5909017322324753,0.5991399394016415,0.5909017322324753,0.5792328850883535
Gradient Boosting,0.5934919864011656,0.5950860507213693,0.5934919864011656,0.5871558329089511
SVM (RBF),0.584911769467379,0.5881499929082441,0.584911769467379,0.5751092884118664
GNN (GAT),0.6670000769408325,0.6747265892002734,0.9381088144452364,0.784912036576881
