model,accuracy,precision,recall,f1
Logistic Regression,0.5550775561463747,0.5413185439078362,0.5550775561463747,0.5408376067920714
Random Forest,0.6380846771499953,0.6330850362764743,0.6380846771499953,0.6329961226921715
Gradient Boosting,0.638739328514743,0.6336590021226072,0.638739328514743,0.6330193867252034
GNN (GAT),0.6670000769408325,0.6747265892002734,0.9381088144452364,0.784912036576881
