model,accuracy,precision,recall,f1
GAT,0.7128428927680798,0.7089777726788161,0.7128428927680798,0.7085191618844143
GCN,0.7240648379052369,0.7250477335823933,0.7240648379052369,0.7207954832964009
GraphSAGE,0.7750623441396509,0.7811531380485941,0.7750623441396509,0.7762708982147735
GIN,0.7526184538653367,0.7553009672803906,0.7526184538653367,0.7513094734974128
TransformerConv,0.7587281795511222,0.7641779449130837,0.7587281795511222,0.7597597207982987
GINE,0.7679551122194513,0.7778572374918573,0.7679551122194513,0.7683192241573172
