model,accuracy,precision,recall,f1
GAT,0.7169100455583909,0.7204221160916876,0.7169100455583909,0.7122662052648498
GCN,0.7390345896404762,0.7455744502571078,0.7390345896404762,0.7386311291956769
GraphSAGE,0.774439204264586,0.7770421877398542,0.774439204264586,0.7739718279142592
GIN,0.7583267645526326,0.7630825374364899,0.7583267645526326,0.7588951740600834
TransformerConv,0.7607984074603535,0.7701981618785896,0.7607984074603535,0.7633826053068568
GINE,0.7776055792328554,0.7803489378897323,0.7776055792328554,0.7771794189518502
