model,accuracy,precision,recall,f1
GAT,0.4194592844422859,0.4377287441455077,0.4194592844422859,0.42588613298213596
GCN,0.5337542496357455,0.5868478401856818,0.5337542496357455,0.5350370275911934
GraphSAGE,0.5604662457503643,0.6059141849549147,0.5604662457503643,0.5486068194309167
GIN,0.5685607900275215,0.6056617012752679,0.5685607900275215,0.5597330142351111
TransformerConv,0.5672656629431763,0.6042659627720443,0.5672656629431763,0.5609843113172919
GINE,0.5671037720576332,0.6065436709087075,0.5671037720576332,0.5560886021092283
