model,accuracy,precision,recall,f1
GAT,0.7803564028180688,0.7811388583341927,0.7803564028180688,0.7807100679999126
GCN,0.7740710042823594,0.7762454098695667,0.7740710042823594,0.7749575118706515
GraphSAGE,0.7776626605884791,0.781467917720568,0.7776626605884791,0.7792682491954597
GIN,0.7743472855366763,0.7808722025826093,0.7743472855366763,0.7767346423169953
TransformerConv,0.777041027766266,0.7774930697476742,0.777041027766266,0.7772403903366712
GINE,0.779182207487222,0.7832459747505172,0.779182207487222,0.7804444062029279
