model,accuracy,precision,recall,f1
GAT,0.7912046686119216,0.6727587700303161,0.5545084600556864,0.6079367564182843
GCN,0.806648603584827,0.6346044393853159,0.7960305561504962,0.7062102162966716
GraphSAGE,0.8169654022509379,0.639415123539143,0.8554294281430713,0.731814572772247
GIN,0.814214255939975,0.6360964138741917,0.8497179981437852,0.7275505837765145
