model,accuracy,precision,recall,f1
GAT,0.7039900249376558,0.6993667857144524,0.7039900249376558,0.6979333753598139
GCN,0.7345386533665835,0.7363033389923468,0.7345386533665835,0.7328095750225143
GraphSAGE,0.7725685785536159,0.7814384782871424,0.7725685785536159,0.773963353688806
GIN,0.7468827930174564,0.747884443839958,0.7468827930174564,0.7443144893602132
TransformerConv,0.7567331670822942,0.762106932195621,0.7567331670822942,0.7581297592324965
GINE,0.7638403990024938,0.7704579081241144,0.7638403990024938,0.764078302896169
