model,accuracy,precision,recall,f1
GAT,0.7343537484013722,0.6583059210526315,0.47266178554558336,0.5502474566950784
GCN,0.7673819045492377,0.6398263977533827,0.7399031648559282,0.686235316667123
GraphSAGE,0.7753395180771807,0.6413739943151708,0.786076995748701,0.7063911071021145
GIN,0.7608452934369988,0.613321609144867,0.8236891828058573,0.7031072805624858
TransformerConv,0.7639105986480177,0.6225290966192499,0.7958786017949929,0.6986109671400436
GINE,0.7655346014088223,0.6188228026826685,0.8281176192725554,0.7083333333333334
