model,accuracy,precision,recall,f1
GAT,0.737619841600667,0.7031518624641834,0.17519811522810025,0.2805052294679088
GCN,0.8170904543559817,0.71077443790797,0.6296851574212894,0.6677771047849788
GraphSAGE,0.8184243434764485,0.6950276243093922,0.6735917755408011,0.6841418316293235
GIN,0.8196331804918716,0.6948955071725041,0.6813022060398373,0.6880317231434752
