model,accuracy,precision,recall,f1
GAT,0.5689631557320914,0.5656803507966022,0.5689631557320914,0.5584515183556235
GCN,0.6162169565812903,0.6111716849970441,0.6162169565812903,0.6093387146329106
GraphSAGE,0.6196411450486234,0.615644509805868,0.6196411450486234,0.6135256963672032
GIN,0.6273113272154499,0.6222068092739635,0.6273113272154499,0.6202973300328136
TransformerConv,0.6288179701410765,0.625391978105473,0.6288179701410765,0.622912068781739
GINE,0.6225174633611834,0.6190295469936036,0.6225174633611834,0.6196746789233354
