model,best_epoch,train_accuracy,train_precision,train_recall,train_f1,val_accuracy,val_precision,val_recall,val_f1,test_accuracy,test_precision,test_recall,test_f1
GNN_DRNL,3,0.65,0.4883720930232558,0.4375,0.46153846153846156,0.5333333333333333,0.3333333333333333,0.2727272727272727,0.3,0.5666666666666667,0.4166666666666667,0.45454545454545453,0.43478260869565216
