model,best_epoch,train_accuracy,train_precision,train_recall,train_f1,val_accuracy,val_precision,val_recall,val_f1,test_accuracy,test_precision,test_recall,test_f1
GNN_DRNL,22,0.8142857142857143,0.8588235294117647,0.8390804597701149,0.8488372093023255,0.8,0.8571428571428571,0.8571428571428571,0.8571428571428571,0.7333333333333333,0.8333333333333334,0.75,0.7894736842105263
