model,best_epoch,train_accuracy,train_precision,train_recall,train_f1,val_accuracy,val_precision,val_recall,val_f1,test_accuracy,test_precision,test_recall,test_f1
GNN_DRNL,19,0.8214285714285714,0.7980769230769231,0.9540229885057471,0.8691099476439791,0.8333333333333334,0.9047619047619048,0.8636363636363636,0.8837209302325582,0.8,0.782608695652174,0.9473684210526315,0.8571428571428571
