{
  "n_estimators": 300,
  "max_depth": 10,
  "learning_rate": 0.018385893144753068,
  "subsample": 0.7845385881162428,
  "colsample_bytree": 0.7187498404766806,
  "gamma": 0.8011045937645115,
  "min_child_weight": 2,
  "reg_alpha": 8.229172949635404e-06,
  "reg_lambda": 1.1118221168253574e-08,
  "cv_f1_score": 0.6948520124430245
}