{
  "timestamp": "2026-04-24T13:17:21.424557",
  "num_scenarios": 2000,
  "num_nodes": 200,
  "num_edges": 378,
  "best_gnn": {
    "model": "GINE",
    "accuracy": 0.9271770125027419,
    "precision": 0.9285973747622299,
    "recall": 0.9271770125027419,
    "f1": 0.9276332344082043
  },
  "best_ml": {
    "model": "XGBoost",
    "accuracy": 0.6609636616217006,
    "precision": 0.6398882493191109,
    "recall": 0.6609636616217006,
    "f1": 0.6407207273962325
  }
}