model,accuracy,precision,recall,f1
Logistic Regression,0.6170552147239263,0.5991668077354848,0.6170552147239263,0.5965439602118734
Random Forest,0.6941104294478527,0.69067872688504,0.6941104294478527,0.6853268606709827
Gradient Boosting,0.6948466257668712,0.6905993955900347,0.6948466257668712,0.6873285843493264
SVM (RBF),0.6851533742331288,0.6812318214807199,0.6851533742331288,0.6768370928076989
