model,accuracy,precision,recall,f1
Logistic Regression,0.5938435740807282,0.5755528461862329,0.5938435740807282,0.5732534044649579
Random Forest,0.68367469157983,0.6804130337251214,0.68367469157983,0.6778339574297959
Gradient Boosting,0.6825967181698407,0.6802597628845876,0.6825967181698407,0.676891208349103
SVM (RBF),0.6675050904299916,0.6647664867529147,0.6675050904299916,0.6613907560514091
