model,accuracy,precision,recall,f1
GAT,0.6720245398773006,0.672754496523411,0.6720245398773006,0.6700678271841386
GCN,0.7011042944785276,0.721368064468657,0.7011042944785276,0.7049858891039776
GraphSAGE,0.7512883435582822,0.7637710413160651,0.7512883435582822,0.7547394451862377
GIN,0.7567484662576687,0.7674281597477064,0.7567484662576687,0.7600005006461553
TransformerConv,0.752638036809816,0.7604533345234885,0.752638036809816,0.7555229215079364
GINE,0.7671779141104295,0.7718354112468825,0.7671779141104295,0.7687167849806363
