{
  "timestamp": "2026-04-17T17:12:37.870875",
  "num_scenarios": 1000,
  "num_nodes": 200,
  "num_edges": 358,
  "best_gnn": {
    "model": "TransformerConv",
    "accuracy": 0.7683312262958281,
    "precision": 0.7898773466270139,
    "recall": 0.7683312262958281,
    "f1": 0.7744126007986435
  },
  "best_ml": {
    "model": "Gradient Boosting",
    "accuracy": 0.6444374209860936,
    "precision": 0.6243199554381577,
    "recall": 0.6444374209860936,
    "f1": 0.6164580338668221
  }
}