{
  "timestamp": "2026-04-24T21:51:58.889665",
  "num_scenarios": 1000,
  "num_nodes": 200,
  "num_edges": 378,
  "best_gnn": {
    "model": "GraphSAGE",
    "accuracy": 0.7687700847210049,
    "precision": 0.7905769409405952,
    "recall": 0.7687700847210049,
    "f1": 0.7748981033706814
  },
  "best_ml": {
    "model": "Gradient Boosting",
    "accuracy": 0.6469471224072451,
    "precision": 0.6253392579935608,
    "recall": 0.6469471224072451,
    "f1": 0.6146254615699944
  }
}