{
  "timestamp": "2026-04-24T11:02:26.254584",
  "num_scenarios": 1000,
  "num_nodes": 200,
  "num_edges": 378,
  "best_gnn": {
    "model": "GraphSAGE",
    "accuracy": 0.7649722465673386,
    "precision": 0.7879960929420253,
    "recall": 0.7649722465673386,
    "f1": 0.7720602205774579
  },
  "best_ml": {
    "model": "Gradient Boosting",
    "accuracy": 0.6469471224072451,
    "precision": 0.6253392579935608,
    "recall": 0.6469471224072451,
    "f1": 0.6146254615699944
  }
}