{
  "timestamp": "2026-04-25T00:41:21.162765",
  "num_scenarios": 2000,
  "num_nodes": 100,
  "num_edges": 181,
  "best_gnn": {
    "model": "GINE",
    "accuracy": 0.8089340384080156,
    "precision": 0.8312096345590447,
    "recall": 0.8089340384080156,
    "f1": 0.8161747500359309
  },
  "best_ml": {
    "model": "Gradient Boosting",
    "accuracy": 0.6753409407180629,
    "precision": 0.6545939680229435,
    "recall": 0.6753409407180629,
    "f1": 0.6520763693722862
  }
}